<?xml version="1.0" encoding="UTF-8"?><idempiere Name="2Pack" Version="2pack" idempiereVersion="" DataBaseVersion="" Description="" Author="" AuthorEmail="" CreatedDate="2019-01-24 14:00:13.018" UpdatedDate="2019-01-24 14:00:13.018" PackOutVersion="100" UpdateDictionary="false" Client="0-SYSTEM-System" AD_Client_UU="11237b53-9592-4af1-b3c5-afd216514b5d">
    <AD_Menu type="table">
        <SeqNo>999</SeqNo>
        <AD_Client_ID>0</AD_Client_ID>
        <AD_Org_ID>0</AD_Org_ID>
        <Name>Generate SRI Autorization for Document</Name>
        <Description/>
        <Action>P</Action>
        <AD_Window_ID reference="id"/>
        <AD_Workflow_ID reference="id"/>
        <AD_Task_ID reference="id"/>
        <IsActive>Y</IsActive>
        <IsSummary>N</IsSummary>
        <AD_Process_ID reference="uuid" reference-key="AD_Process">2040f0a1-160c-497f-9128-3bd61284349b</AD_Process_ID>
        <IsSOTrx>Y</IsSOTrx>
        <AD_Form_ID reference="id"/>
        <IsReadOnly>N</IsReadOnly>
        <EntityType>QSSLEC_FE</EntityType>
        <IsCentrallyMaintained>Y</IsCentrallyMaintained>
        <AD_Menu_UU>b2f74ccb-4535-4f63-9e3c-f29c2e3fd08a</AD_Menu_UU>
        <AD_InfoWindow_ID reference="id"/>
        <AD_Menu_Trl type="translation">
            <Name>Generar autorización SRI Documento Especifico</Name>
            <Description/>
            <AD_Language>es_CO</AD_Language>
            <IsActive>Y</IsActive>
            <IsTranslated>Y</IsTranslated>
        </AD_Menu_Trl>
        <AD_Process type="table">
            <AD_Client_ID>0</AD_Client_ID>
            <AD_Org_ID>0</AD_Org_ID>
            <IsActive>Y</IsActive>
            <Name>SRIGeneateOffLineAutForDocument</Name>
            <Description/>
            <Help/>
            <ProcedureName/>
            <IsReport>N</IsReport>
            <Value>SRIGeneateOffLineAutForDocument</Value>
            <IsDirectPrint>N</IsDirectPrint>
            <AD_ReportView_ID reference="id"/>
            <Classname>ec.ingeint.erp.process.SRIGeneateOffLineAutForDocument</Classname>
            <AccessLevel>3</AccessLevel>
            <EntityType>QSSLEC_FE</EntityType>
            <Statistic_Count>4</Statistic_Count>
            <Statistic_Seconds>204</Statistic_Seconds>
            <AD_PrintFormat_ID reference="id"/>
            <WorkflowValue/>
            <AD_Workflow_ID reference="id"/>
            <IsBetaFunctionality>N</IsBetaFunctionality>
            <IsServerProcess>N</IsServerProcess>
            <ShowHelp>Y</ShowHelp>
            <JasperReport/>
            <AD_Form_ID reference="id"/>
            <CopyFromProcess>N</CopyFromProcess>
            <AD_Process_UU>2040f0a1-160c-497f-9128-3bd61284349b</AD_Process_UU>
            <AD_CtxHelp_ID reference="id"/>
            <AD_Process_Trl type="translation">
                <Help/>
                <Description/>
                <Name>Generar autorización SRI Documento Especifico</Name>
                <AD_Language>es_CO</AD_Language>
                <IsActive>Y</IsActive>
                <IsTranslated>Y</IsTranslated>
            </AD_Process_Trl>
            <AD_Val_Rule type="table">
                <AD_Client_ID>0</AD_Client_ID>
                <AD_Org_ID>0</AD_Org_ID>
                <Name>MMovementAuthSRINull</Name>
                <Description/>
                <Type>S</Type>
                <Code>M_Movement_ID IN (SELECT M_Movement_ID FROM M_Movement WHERE SRI_Authorization_ID IsNull AND isSRIOfflineSchema='Y' AND DocStatus IN ('CO','CL')) </Code>
                <IsActive>Y</IsActive>
                <EntityType>QSSLEC_FE</EntityType>
                <AD_Val_Rule_UU>34cbb4f2-c4f2-48c6-b638-0d95243ae251</AD_Val_Rule_UU>
            </AD_Val_Rule>
            <AD_Process_Para type="table">
                <AD_Client_ID>0</AD_Client_ID>
                <AD_Org_ID>0</AD_Org_ID>
                <IsActive>Y</IsActive>
                <Name>Inventory Move</Name>
                <Description>Movement of Inventory</Description>
                <Help>The Inventory Movement uniquely identifies a group of movement lines.</Help>
                <AD_Process_ID reference="uuid" reference-key="AD_Process">2040f0a1-160c-497f-9128-3bd61284349b</AD_Process_ID>
                <SeqNo>40</SeqNo>
                <AD_Reference_ID reference="id">30</AD_Reference_ID>
                <AD_Reference_Value_ID reference="id"/>
                <IsRange>N</IsRange>
                <AD_Val_Rule_ID reference="uuid" reference-key="AD_Val_Rule">34cbb4f2-c4f2-48c6-b638-0d95243ae251</AD_Val_Rule_ID>
                <FieldLength>0</FieldLength>
                <IsMandatory>N</IsMandatory>
                <DefaultValue/>
                <VFormat/>
                <ValueMin/>
                <ValueMax/>
                <ColumnName>M_Movement_ID</ColumnName>
                <DefaultValue2/>
                <IsCentrallyMaintained>Y</IsCentrallyMaintained>
                <EntityType>QSSLEC_FE</EntityType>
                <AD_Element_ID reference="id">1030</AD_Element_ID>
                <ReadOnlyLogic/>
                <DisplayLogic>@ING_Table@='M_Movement_ID'</DisplayLogic>
                <AD_Process_Para_UU>3253c105-9553-408f-8487-eb57c55cf2f4</AD_Process_Para_UU>
                <IsEncrypted>N</IsEncrypted>
                <MandatoryLogic>@ING_Table@='M_Movement_ID'</MandatoryLogic>
                <AD_Process_Para_Trl type="translation">
                    <Help>The Inventory Movement uniquely identifies a group of movement lines.</Help>
                    <Name>Inventory Move</Name>
                    <Description>Movement of Inventory</Description>
                    <AD_Language>es_CO</AD_Language>
                    <IsActive>Y</IsActive>
                    <IsTranslated>N</IsTranslated>
                </AD_Process_Para_Trl>
            </AD_Process_Para>
            <AD_Val_Rule type="table">
                <AD_Client_ID>0</AD_Client_ID>
                <AD_Org_ID>0</AD_Org_ID>
                <Name>MInOutAuthSRINull</Name>
                <Description/>
                <Type>S</Type>
                <Code>M_InOut_ID IN (SELECT M_InOut_ID FROM M_InOut WHERE SRI_Authorization_ID IsNull AND isSRIOfflineSchema='Y' AND DocStatus IN ('CO','CL')) </Code>
                <IsActive>Y</IsActive>
                <EntityType>QSSLEC_FE</EntityType>
                <AD_Val_Rule_UU>c3e1f610-9cba-4f41-8a35-285e3514953a</AD_Val_Rule_UU>
            </AD_Val_Rule>
            <AD_Process_Para type="table">
                <AD_Client_ID>0</AD_Client_ID>
                <AD_Org_ID>0</AD_Org_ID>
                <IsActive>Y</IsActive>
                <Name>Shipment/Receipt</Name>
                <Description>Material Shipment Document</Description>
                <Help>The Material Shipment / Receipt </Help>
                <AD_Process_ID reference="uuid" reference-key="AD_Process">2040f0a1-160c-497f-9128-3bd61284349b</AD_Process_ID>
                <SeqNo>30</SeqNo>
                <AD_Reference_ID reference="id">30</AD_Reference_ID>
                <AD_Reference_Value_ID reference="id"/>
                <IsRange>N</IsRange>
                <AD_Val_Rule_ID reference="uuid" reference-key="AD_Val_Rule">c3e1f610-9cba-4f41-8a35-285e3514953a</AD_Val_Rule_ID>
                <FieldLength>0</FieldLength>
                <IsMandatory>N</IsMandatory>
                <DefaultValue/>
                <VFormat/>
                <ValueMin/>
                <ValueMax/>
                <ColumnName>M_InOut_ID</ColumnName>
                <DefaultValue2/>
                <IsCentrallyMaintained>Y</IsCentrallyMaintained>
                <EntityType>QSSLEC_FE</EntityType>
                <AD_Element_ID reference="id">1025</AD_Element_ID>
                <ReadOnlyLogic/>
                <DisplayLogic>@ING_Table@='M_InOut_ID'</DisplayLogic>
                <AD_Process_Para_UU>82933a7e-bfd1-43d1-b16f-7a1bffeb2f1d</AD_Process_Para_UU>
                <IsEncrypted>N</IsEncrypted>
                <MandatoryLogic>@ING_Table@='M_InOut_ID'</MandatoryLogic>
                <AD_Process_Para_Trl type="translation">
                    <Help>The Material Shipment / Receipt </Help>
                    <Name>Shipment/Receipt</Name>
                    <Description>Material Shipment Document</Description>
                    <AD_Language>es_CO</AD_Language>
                    <IsActive>Y</IsActive>
                    <IsTranslated>N</IsTranslated>
                </AD_Process_Para_Trl>
            </AD_Process_Para>
            <AD_Val_Rule type="table">
                <AD_Client_ID>0</AD_Client_ID>
                <AD_Org_ID>0</AD_Org_ID>
                <Name>InvoiceAuthSRINull</Name>
                <Description/>
                <Type>S</Type>
                <Code>C_Invoice_ID IN (SELECT C_Invoice_ID FROM C_Invoice WHERE SRI_Authorization_ID IsNull AND isSRIOfflineSchema='Y' AND DocStatus IN ('CO','CL')) </Code>
                <IsActive>Y</IsActive>
                <EntityType>QSSLEC_FE</EntityType>
                <AD_Val_Rule_UU>2d3723b2-df68-4c6b-9cb4-028780e13dd3</AD_Val_Rule_UU>
            </AD_Val_Rule>
            <AD_Process_Para type="table">
                <AD_Client_ID>0</AD_Client_ID>
                <AD_Org_ID>0</AD_Org_ID>
                <IsActive>Y</IsActive>
                <Name>Invoice</Name>
                <Description>Invoice Identifier</Description>
                <Help>The Invoice Document.</Help>
                <AD_Process_ID reference="uuid" reference-key="AD_Process">2040f0a1-160c-497f-9128-3bd61284349b</AD_Process_ID>
                <SeqNo>20</SeqNo>
                <AD_Reference_ID reference="id">30</AD_Reference_ID>
                <AD_Reference_Value_ID reference="id"/>
                <IsRange>N</IsRange>
                <AD_Val_Rule_ID reference="uuid" reference-key="AD_Val_Rule">2d3723b2-df68-4c6b-9cb4-028780e13dd3</AD_Val_Rule_ID>
                <FieldLength>0</FieldLength>
                <IsMandatory>N</IsMandatory>
                <DefaultValue/>
                <VFormat/>
                <ValueMin/>
                <ValueMax/>
                <ColumnName>C_Invoice_ID</ColumnName>
                <DefaultValue2/>
                <IsCentrallyMaintained>Y</IsCentrallyMaintained>
                <EntityType>QSSLEC_FE</EntityType>
                <AD_Element_ID reference="id">1008</AD_Element_ID>
                <ReadOnlyLogic/>
                <DisplayLogic>@ING_Table@=C_Invoice_ID</DisplayLogic>
                <AD_Process_Para_UU>cea619b6-a27d-48d9-a498-aca12d06f58e</AD_Process_Para_UU>
                <IsEncrypted>N</IsEncrypted>
                <MandatoryLogic>@ING_Table@=C_Invoice_ID</MandatoryLogic>
                <AD_Process_Para_Trl type="translation">
                    <Help>The Invoice Document.</Help>
                    <Name>Invoice</Name>
                    <Description>Invoice Identifier</Description>
                    <AD_Language>es_CO</AD_Language>
                    <IsActive>Y</IsActive>
                    <IsTranslated>N</IsTranslated>
                </AD_Process_Para_Trl>
            </AD_Process_Para>
            <AD_Reference type="table">
                <AD_Client_ID>0</AD_Client_ID>
                <AD_Org_ID>0</AD_Org_ID>
                <Name>ING_Table</Name>
                <Description/>
                <Help/>
                <ValidationType>L</ValidationType>
                <IsActive>Y</IsActive>
                <VFormat/>
                <EntityType>QSSLEC_FE</EntityType>
                <IsOrderByValue>N</IsOrderByValue>
                <AD_Reference_UU>a4463cae-3646-4dbc-96e9-a0fd72daf0cd</AD_Reference_UU>
                <AD_Reference_Trl type="translation">
                    <Help/>
                    <Name>ING_Table</Name>
                    <Description/>
                    <AD_Language>es_CO</AD_Language>
                    <IsActive>Y</IsActive>
                    <IsTranslated>N</IsTranslated>
                </AD_Reference_Trl>
                <AD_Ref_List type="table">
                    <AD_Client_ID>0</AD_Client_ID>
                    <AD_Org_ID>0</AD_Org_ID>
                    <Name>Invoice</Name>
                    <Description/>
                    <AD_Reference_ID reference="uuid" reference-key="AD_Reference">a4463cae-3646-4dbc-96e9-a0fd72daf0cd</AD_Reference_ID>
                    <ValidFrom/>
                    <ValidTo/>
                    <Value>C_Invoice_ID</Value>
                    <IsActive>Y</IsActive>
                    <EntityType>QSSLEC_FE</EntityType>
                    <AD_Ref_List_UU>edbd9950-96f5-4c44-8ebd-8b94c03d762c</AD_Ref_List_UU>
                    <AD_Ref_List_Trl type="translation">
                        <Description/>
                        <Name>Factura</Name>
                        <AD_Language>es_CO</AD_Language>
                        <IsActive>Y</IsActive>
                        <IsTranslated>N</IsTranslated>
                    </AD_Ref_List_Trl>
                </AD_Ref_List>
                <AD_Ref_List type="table">
                    <AD_Client_ID>0</AD_Client_ID>
                    <AD_Org_ID>0</AD_Org_ID>
                    <Name>Guía de Remisión</Name>
                    <Description/>
                    <AD_Reference_ID reference="uuid" reference-key="AD_Reference">a4463cae-3646-4dbc-96e9-a0fd72daf0cd</AD_Reference_ID>
                    <ValidFrom/>
                    <ValidTo/>
                    <Value>M_InOut_ID</Value>
                    <IsActive>Y</IsActive>
                    <EntityType>QSSLEC_FE</EntityType>
                    <AD_Ref_List_UU>69aada92-0b20-4698-8483-9c177fd36905</AD_Ref_List_UU>
                    <AD_Ref_List_Trl type="translation">
                        <Description/>
                        <Name>Guía de Remisión</Name>
                        <AD_Language>es_CO</AD_Language>
                        <IsActive>Y</IsActive>
                        <IsTranslated>N</IsTranslated>
                    </AD_Ref_List_Trl>
                </AD_Ref_List>
                <AD_Ref_List type="table">
                    <AD_Client_ID>0</AD_Client_ID>
                    <AD_Org_ID>0</AD_Org_ID>
                    <Name>Movimiento SRI</Name>
                    <Description/>
                    <AD_Reference_ID reference="uuid" reference-key="AD_Reference">a4463cae-3646-4dbc-96e9-a0fd72daf0cd</AD_Reference_ID>
                    <ValidFrom/>
                    <ValidTo/>
                    <Value>M_Movement_ID</Value>
                    <IsActive>Y</IsActive>
                    <EntityType>QSSLEC_FE</EntityType>
                    <AD_Ref_List_UU>4b6496d4-db76-453a-b822-87559f24d7b5</AD_Ref_List_UU>
                    <AD_Ref_List_Trl type="translation">
                        <Description/>
                        <Name>Movimiento SRI</Name>
                        <AD_Language>es_CO</AD_Language>
                        <IsActive>Y</IsActive>
                        <IsTranslated>N</IsTranslated>
                    </AD_Ref_List_Trl>
                </AD_Ref_List>
            </AD_Reference>
            <AD_Process_Para type="table">
                <AD_Client_ID>0</AD_Client_ID>
                <AD_Org_ID>0</AD_Org_ID>
                <IsActive>Y</IsActive>
                <Name>Table</Name>
                <Description/>
                <Help/>
                <AD_Process_ID reference="uuid" reference-key="AD_Process">2040f0a1-160c-497f-9128-3bd61284349b</AD_Process_ID>
                <SeqNo>10</SeqNo>
                <AD_Reference_ID reference="id">17</AD_Reference_ID>
                <AD_Reference_Value_ID reference="uuid" reference-key="AD_Reference">a4463cae-3646-4dbc-96e9-a0fd72daf0cd</AD_Reference_Value_ID>
                <IsRange>N</IsRange>
                <AD_Val_Rule_ID reference="id"/>
                <FieldLength>0</FieldLength>
                <IsMandatory>Y</IsMandatory>
                <DefaultValue/>
                <VFormat/>
                <ValueMin/>
                <ValueMax/>
                <ColumnName>ING_Table</ColumnName>
                <DefaultValue2/>
                <IsCentrallyMaintained>N</IsCentrallyMaintained>
                <EntityType>QSSLEC_FE</EntityType>
                <AD_Element_ID reference="id"/>
                <ReadOnlyLogic/>
                <DisplayLogic/>
                <AD_Process_Para_UU>6a818c99-2bce-466c-8587-c068964e08dc</AD_Process_Para_UU>
                <IsEncrypted>N</IsEncrypted>
                <MandatoryLogic/>
                <AD_Process_Para_Trl type="translation">
                    <Help/>
                    <Name>Tabla </Name>
                    <Description/>
                    <AD_Language>es_CO</AD_Language>
                    <IsActive>Y</IsActive>
                    <IsTranslated>N</IsTranslated>
                </AD_Process_Para_Trl>
            </AD_Process_Para>
        </AD_Process>
    </AD_Menu>
    <AD_Element type="table">
            <AD_Client_ID>0</AD_Client_ID>
            <AD_Org_ID>0</AD_Org_ID>
            <IsActive>Y</IsActive>
            <ColumnName>InvoiceDocumentReference</ColumnName>
            <Name>InvoiceDocumentReference</Name>
            <Description/>
            <Help/>
            <PrintName>InvoiceDocumentReference</PrintName>
            <PO_Description/>
            <PO_Help/>
            <PO_Name/>
            <PO_PrintName/>
            <EntityType>QSSLEC_FE</EntityType>
            <AD_Element_UU>9fec4c56-851a-483e-819a-dff3521e13a0</AD_Element_UU>
            <AD_Element_Trl type="translation">
                <Help/>
                <PO_Description/>
                <PO_Help/>
                <PO_PrintName/>
                <Name>Factura Referencia SRI Manual</Name>
                <Description/>
                <PrintName>Factura Referencia SRI Manual</PrintName>
                <PO_Name/>
                <AD_Language>es_CO</AD_Language>
                <IsActive>Y</IsActive>
                <IsTranslated>Y</IsTranslated>
            </AD_Element_Trl>
        </AD_Element>
        <AD_Column type="table">
            <IsSyncDatabase>Y</IsSyncDatabase>
            <AD_Table_ID reference="id">318</AD_Table_ID>
            <AD_Reference_Value_ID reference="id"/>
            <AD_Client_ID>0</AD_Client_ID>
            <AD_Org_ID>0</AD_Org_ID>
            <Version>0</Version>
            <Name>InvoiceDocumentReference</Name>
            <Description/>
            <Help/>
            <AD_Val_Rule_ID reference="id"/>
            <ColumnName>InvoiceDocumentReference</ColumnName>
            <DefaultValue/>
            <FieldLength>17</FieldLength>
            <IsKey>N</IsKey>
            <IsParent>N</IsParent>
            <IsMandatory>N</IsMandatory>
            <IsTranslated>N</IsTranslated>
            <IsIdentifier>N</IsIdentifier>
            <SeqNo>0</SeqNo>
            <IsEncrypted>N</IsEncrypted>
            <AD_Reference_ID reference="id">10</AD_Reference_ID>
            <IsActive>Y</IsActive>
            <VFormat/>
            <Callout/>
            <AD_Element_ID reference="uuid" reference-key="AD_Element">9fec4c56-851a-483e-819a-dff3521e13a0</AD_Element_ID>
            <IsUpdateable>Y</IsUpdateable>
            <AD_Process_ID reference="id"/>
            <ValueMin/>
            <ValueMax/>
            <IsSelectionColumn>N</IsSelectionColumn>
            <ReadOnlyLogic/>
            <EntityType>QSSLEC_FE</EntityType>
            <IsAlwaysUpdateable>N</IsAlwaysUpdateable>
            <ColumnSQL/>
            <MandatoryLogic/>
            <IsAutocomplete>N</IsAutocomplete>
            <IsAllowLogging>Y</IsAllowLogging>
            <FormatPattern/>
            <AD_Chart_ID reference="id"/>
            <AD_Column_UU>cd197497-034b-4c09-ae43-06d185017d33</AD_Column_UU>
            <IsAllowCopy>Y</IsAllowCopy>
            <SeqNoSelection>0</SeqNoSelection>
            <IsToolbarButton>N</IsToolbarButton>
            <IsSecure>N</IsSecure>
            <FKConstraintName/>
            <FKConstraintType>N</FKConstraintType>
            <PA_DashboardContent_ID reference="id"/>
        </AD_Column>
        <AD_Element type="table">
            <AD_Client_ID>0</AD_Client_ID>
            <AD_Org_ID>0</AD_Org_ID>
            <IsActive>Y</IsActive>
            <ColumnName>InvoiceDocumentReferenceDate</ColumnName>
            <Name>InvoiceDocumentReferenceDate</Name>
            <Description/>
            <Help/>
            <PrintName>InvoiceDocumentReferenceDate</PrintName>
            <PO_Description/>
            <PO_Help/>
            <PO_Name/>
            <PO_PrintName/>
            <EntityType>QSSLEC_FE</EntityType>
            <AD_Element_UU>60f75554-6857-445e-ae84-11fe05aaba11</AD_Element_UU>
            <AD_Element_Trl type="translation">
                <Help/>
                <PO_Description/>
                <PO_Help/>
                <PO_PrintName/>
                <Name>Fecha Factura Referencia</Name>
                <Description/>
                <PrintName>Fecha Factura Referencia</PrintName>
                <PO_Name/>
                <AD_Language>es_CO</AD_Language>
                <IsActive>Y</IsActive>
                <IsTranslated>Y</IsTranslated>
            </AD_Element_Trl>
        </AD_Element>
        <AD_Column type="table">
            <IsSyncDatabase>Y</IsSyncDatabase>
            <AD_Table_ID reference="id">318</AD_Table_ID>
            <AD_Reference_Value_ID reference="id"/>
            <AD_Client_ID>0</AD_Client_ID>
            <AD_Org_ID>0</AD_Org_ID>
            <Version>0</Version>
            <Name>InvoiceDocumentReferenceDate</Name>
            <Description/>
            <Help/>
            <AD_Val_Rule_ID reference="id"/>
            <ColumnName>InvoiceDocumentReferenceDate</ColumnName>
            <DefaultValue/>
            <FieldLength>7</FieldLength>
            <IsKey>N</IsKey>
            <IsParent>N</IsParent>
            <IsMandatory>N</IsMandatory>
            <IsTranslated>N</IsTranslated>
            <IsIdentifier>N</IsIdentifier>
            <SeqNo>0</SeqNo>
            <IsEncrypted>N</IsEncrypted>
            <AD_Reference_ID reference="id">15</AD_Reference_ID>
            <IsActive>Y</IsActive>
            <VFormat/>
            <Callout/>
            <AD_Element_ID reference="uuid" reference-key="AD_Element">60f75554-6857-445e-ae84-11fe05aaba11</AD_Element_ID>
            <IsUpdateable>Y</IsUpdateable>
            <AD_Process_ID reference="id"/>
            <ValueMin/>
            <ValueMax/>
            <IsSelectionColumn>N</IsSelectionColumn>
            <ReadOnlyLogic/>
            <EntityType>QSSLEC_FE</EntityType>
            <IsAlwaysUpdateable>N</IsAlwaysUpdateable>
            <ColumnSQL/>
            <MandatoryLogic/>
            <IsAutocomplete>N</IsAutocomplete>
            <IsAllowLogging>Y</IsAllowLogging>
            <FormatPattern/>
            <AD_Chart_ID reference="id"/>
            <AD_Column_UU>8527fd70-f54e-457e-ab29-bf69d23b9360</AD_Column_UU>
            <IsAllowCopy>Y</IsAllowCopy>
            <SeqNoSelection>0</SeqNoSelection>
            <IsToolbarButton>N</IsToolbarButton>
            <IsSecure>N</IsSecure>
            <FKConstraintName/>
            <FKConstraintType>N</FKConstraintType>
            <PA_DashboardContent_ID reference="id"/>
        </AD_Column>
        <AD_Field type="table">
            <AD_Client_ID>0</AD_Client_ID>
            <AD_Org_ID>0</AD_Org_ID>
            <Name>InvoiceDocumentReference</Name>
            <Description/>
            <Help/>
            <AD_Tab_ID reference="id">263</AD_Tab_ID>
            <AD_Column_ID reference="uuid" reference-key="AD_Column">cd197497-034b-4c09-ae43-06d185017d33</AD_Column_ID>
            <IsDisplayed>Y</IsDisplayed>
            <DisplayLogic/>
            <DisplayLength>10</DisplayLength>
            <SeqNo>520</SeqNo>
            <SortNo/>
            <IsSameLine>N</IsSameLine>
            <IsHeading>N</IsHeading>
            <IsFieldOnly>N</IsFieldOnly>
            <IsEncrypted>N</IsEncrypted>
            <IsActive>Y</IsActive>
            <IsReadOnly>N</IsReadOnly>
            <IsCentrallyMaintained>Y</IsCentrallyMaintained>
            <AD_FieldGroup_ID reference="id"/>
            <EntityType>QSSLEC_FE</EntityType>
            <ObscureType/>
            <AD_Reference_ID reference="id"/>
            <IsMandatory/>
            <DefaultValue/>
            <AD_Reference_Value_ID reference="id"/>
            <AD_Val_Rule_ID reference="id"/>
            <Included_Tab_ID reference="id"/>
            <AD_Field_UU>02d547f7-d54c-4f11-afe1-264fa4b04dad</AD_Field_UU>
            <IsAllowCopy/>
            <IsDisplayedGrid>Y</IsDisplayedGrid>
            <SeqNoGrid>650</SeqNoGrid>
            <XPosition>4</XPosition>
            <ColumnSpan>2</ColumnSpan>
            <NumLines>1</NumLines>
            <IsQuickEntry>N</IsQuickEntry>
            <IsUpdateable/>
            <IsAlwaysUpdateable/>
            <MandatoryLogic/>
            <ReadOnlyLogic/>
            <IsToolbarButton/>
            <IsDefaultFocus>N</IsDefaultFocus>
            <IsAdvancedField>N</IsAdvancedField>
            <VFormat/>
            <AD_LabelStyle_ID reference="id"/>
            <AD_FieldStyle_ID reference="id"/>
            <AD_Field_Trl type="translation">
                <Help/>
                <Description/>
                <Name>Factura Referencia SRI Manual</Name>
                <AD_Language>es_CO</AD_Language>
                <IsActive>Y</IsActive>
                <IsTranslated>Y</IsTranslated>
            </AD_Field_Trl>
        </AD_Field>
        <AD_Field type="table">
            <AD_Client_ID>0</AD_Client_ID>
            <AD_Org_ID>0</AD_Org_ID>
            <Name>InvoiceDocumentReferenceDate</Name>
            <Description/>
            <Help/>
            <AD_Tab_ID reference="id">263</AD_Tab_ID>
            <AD_Column_ID reference="uuid" reference-key="AD_Column">8527fd70-f54e-457e-ab29-bf69d23b9360</AD_Column_ID>
            <IsDisplayed>Y</IsDisplayed>
            <DisplayLogic>@InvoiceDocumentReference@!""</DisplayLogic>
            <DisplayLength>10</DisplayLength>
            <SeqNo>530</SeqNo>
            <SortNo/>
            <IsSameLine>N</IsSameLine>
            <IsHeading>N</IsHeading>
            <IsFieldOnly>N</IsFieldOnly>
            <IsEncrypted>N</IsEncrypted>
            <IsActive>Y</IsActive>
            <IsReadOnly>N</IsReadOnly>
            <IsCentrallyMaintained>Y</IsCentrallyMaintained>
            <AD_FieldGroup_ID reference="id"/>
            <EntityType>QSSLEC_FE</EntityType>
            <ObscureType/>
            <AD_Reference_ID reference="id"/>
            <IsMandatory/>
            <DefaultValue/>
            <AD_Reference_Value_ID reference="id"/>
            <AD_Val_Rule_ID reference="id"/>
            <Included_Tab_ID reference="id"/>
            <AD_Field_UU>14c44d7e-5ab3-4b7b-90c7-f0fd9dfeed9b</AD_Field_UU>
            <IsAllowCopy/>
            <IsDisplayedGrid>Y</IsDisplayedGrid>
            <SeqNoGrid>650</SeqNoGrid>
            <XPosition>4</XPosition>
            <ColumnSpan>2</ColumnSpan>
            <NumLines>1</NumLines>
            <IsQuickEntry>N</IsQuickEntry>
            <IsUpdateable/>
            <IsAlwaysUpdateable/>
            <MandatoryLogic>@InvoiceDocumentReference@!""</MandatoryLogic>
            <ReadOnlyLogic/>
            <IsToolbarButton/>
            <IsDefaultFocus>N</IsDefaultFocus>
            <IsAdvancedField>N</IsAdvancedField>
            <VFormat/>
            <AD_LabelStyle_ID reference="id"/>
            <AD_FieldStyle_ID reference="id"/>
            <AD_Field_Trl type="translation">
                <Help/>
                <Description/>
                <Name>Fecha Factura Referencia</Name>
                <AD_Language>es_CO</AD_Language>
                <IsActive>Y</IsActive>
                <IsTranslated>Y</IsTranslated>
            </AD_Field_Trl>
        </AD_Field>       
</idempiere>
