<?xml version="1.0" encoding="UTF-8"?><idempiere Name="AD_Field" Version="1.0.0" idempiereVersion="5.1.0.v20171109-0526" DataBaseVersion="2017-10-31" Description="" Author="Orlando Curieles" AuthorEmail="orlando.curieles@ingeint.com" CreatedDate="Tue Jul 17 14:03:55 ECT 2018" UpdatedDate="Tue Jul 17 14:03:55 ECT 2018" PackOutVersion="100" UpdateDictionary="true" Client="0-SYSTEM-System" AD_Client_UU="11237b53-9592-4af1-b3c5-afd216514b5d">
    <AD_Field type="table">
        <AD_Client_ID>0</AD_Client_ID>
        <AD_Org_ID>0</AD_Org_ID>
        <Name>SRI_Authorization</Name>
        <Description/>
        <Help/>
        <AD_Tab_ID reference="id">257</AD_Tab_ID>
        <AD_Column_ID reference="uuid" reference-key="AD_Column">25a584bc-a0e4-4d37-8431-222d74d4f6e2</AD_Column_ID>
        <IsDisplayed>Y</IsDisplayed>
        <DisplayLogic/>
        <DisplayLength>0</DisplayLength>
        <SeqNo>610</SeqNo>
        <SortNo>0</SortNo>
        <IsSameLine>N</IsSameLine>
        <IsHeading>N</IsHeading>
        <IsFieldOnly>N</IsFieldOnly>
        <IsEncrypted>N</IsEncrypted>
        <IsActive>Y</IsActive>
        <IsReadOnly>Y</IsReadOnly>
        <IsCentrallyMaintained>Y</IsCentrallyMaintained>
        <AD_FieldGroup_ID reference="id"/>
        <EntityType>QSSLEC_FE</EntityType>
        <ObscureType/>
        <AD_Reference_ID reference="id"/>
        <IsMandatory/>
        <DefaultValue/>
        <AD_Reference_Value_ID reference="id"/>
        <AD_Val_Rule_ID reference="id"/>
        <Included_Tab_ID reference="id"/>
        <AD_Field_UU>b3cde7f4-bc89-400e-b6b1-7075da410e90</AD_Field_UU>
        <IsAllowCopy/>
        <IsDisplayedGrid>Y</IsDisplayedGrid>
        <SeqNoGrid>600</SeqNoGrid>
        <XPosition>4</XPosition>
        <ColumnSpan>2</ColumnSpan>
        <NumLines>1</NumLines>
        <IsQuickEntry>N</IsQuickEntry>
        <IsUpdateable/>
        <IsAlwaysUpdateable/>
        <MandatoryLogic/>
        <ReadOnlyLogic/>
        <IsToolbarButton/>
        <IsDefaultFocus>N</IsDefaultFocus>
        <IsAdvancedField>N</IsAdvancedField>
        <VFormat/>
        <AD_LabelStyle_ID reference="id"/>
        <AD_FieldStyle_ID reference="id"/>
        <Placeholder/>
        <AD_Field_Trl type="translation">
            <Help/>
            <Description/>
            <Name>Autorización SRI</Name>
            <Placeholder/>
            <AD_Language>es_CO</AD_Language>
            <IsActive>Y</IsActive>
            <IsTranslated>Y</IsTranslated>
        </AD_Field_Trl>
    </AD_Field>
    <AD_Column type="table">
        <IsSyncDatabase>Y</IsSyncDatabase>
        <AD_Table_ID reference="id">319</AD_Table_ID>
        <AD_Reference_Value_ID reference="uuid" reference-key="AD_Reference">2ae89272-310c-4528-8a85-aca0226436d7</AD_Reference_Value_ID>
        <AD_Client_ID>0</AD_Client_ID>
        <AD_Org_ID>0</AD_Org_ID>
        <Version>0</Version>
        <Name>SRI_Authorization</Name>
        <Description/>
        <Help/>
        <AD_Val_Rule_ID reference="id"/>
        <ColumnName>SRI_Authorization_ID</ColumnName>
        <DefaultValue/>
        <FieldLength>22</FieldLength>
        <IsKey>N</IsKey>
        <IsParent>N</IsParent>
        <IsMandatory>N</IsMandatory>
        <IsTranslated>N</IsTranslated>
        <IsIdentifier>N</IsIdentifier>
        <SeqNo>0</SeqNo>
        <IsEncrypted>N</IsEncrypted>
        <AD_Reference_ID reference="id">18</AD_Reference_ID>
        <IsActive>Y</IsActive>
        <VFormat/>
        <Callout/>
        <AD_Element_ID reference="uuid" reference-key="AD_Element">91f291b7-8fda-4191-8e1e-b892119e0c12</AD_Element_ID>
        <IsUpdateable>Y</IsUpdateable>
        <AD_Process_ID reference="id"/>
        <ValueMin/>
        <ValueMax/>
        <IsSelectionColumn>N</IsSelectionColumn>
        <ReadOnlyLogic/>
        <EntityType>QSSLEC_FE</EntityType>
        <IsAlwaysUpdateable>N</IsAlwaysUpdateable>
        <ColumnSQL/>
        <MandatoryLogic/>
        <IsAutocomplete>N</IsAutocomplete>
        <IsAllowLogging>Y</IsAllowLogging>
        <FormatPattern/>
        <AD_Chart_ID reference="id"/>
        <AD_Column_UU>25a584bc-a0e4-4d37-8431-222d74d4f6e2</AD_Column_UU>
        <IsAllowCopy>N</IsAllowCopy>
        <SeqNoSelection>0</SeqNoSelection>
        <IsToolbarButton>N</IsToolbarButton>
        <IsSecure>N</IsSecure>
        <FKConstraintName>SRIAuthorization_MInOut</FKConstraintName>
        <FKConstraintType>N</FKConstraintType>
        <PA_DashboardContent_ID reference="id"/>
        <Placeholder/>
    </AD_Column>
    <AD_Element type="table">
        <AD_Client_ID>0</AD_Client_ID>
        <AD_Org_ID>0</AD_Org_ID>
        <IsActive>Y</IsActive>
        <ColumnName>SRI_TaxCodeName</ColumnName>
        <Name>SRI Tax Code Name</Name>
        <Description/>
        <Help/>
        <PrintName>SRI Tax Code Name</PrintName>
        <PO_Description/>
        <PO_Help/>
        <PO_Name/>
        <PO_PrintName/>
        <EntityType>QSSLEC_FE</EntityType>
        <AD_Element_UU>e878d3c9-771d-45a1-a1f7-a30427ae8fdc</AD_Element_UU>
        <AD_Element_Trl type="translation">
            <Help/>
            <PO_Description/>
            <PO_Help/>
            <Name>Nombre Impuesto SRI</Name>
            <Description/>
            <PrintName>Nombre Impuesto SRI</PrintName>
            <PO_Name/>
            <PO_PrintName/>
            <AD_Language>es_CO</AD_Language>
            <IsActive>Y</IsActive>
            <IsTranslated>Y</IsTranslated>
        </AD_Element_Trl>
    </AD_Element>
    <AD_Element type="table">
        <AD_Client_ID>0</AD_Client_ID>
        <AD_Org_ID>0</AD_Org_ID>
        <IsActive>Y</IsActive>
        <ColumnName>SRI_TaxCodeValue</ColumnName>
        <Name>SRI Tax Code Value</Name>
        <Description/>
        <Help/>
        <PrintName>SRI Tax Code Value</PrintName>
        <PO_Description/>
        <PO_Help/>
        <PO_Name/>
        <PO_PrintName/>
        <EntityType>QSSLEC_FE</EntityType>
        <AD_Element_UU>9c37ac98-9cb8-464f-81fa-d2ba613d94a1</AD_Element_UU>
        <AD_Element_Trl type="translation">
            <Help/>
            <PO_Description/>
            <PO_Help/>
            <Name>Código Impuesto SRI</Name>
            <Description/>
            <PrintName>Código Impuesto SRI</PrintName>
            <PO_Name/>
            <PO_PrintName/>
            <AD_Language>es_CO</AD_Language>
            <IsActive>Y</IsActive>
            <IsTranslated>N</IsTranslated>
        </AD_Element_Trl>
    </AD_Element>
    <AD_Element type="table">
        <AD_Client_ID>0</AD_Client_ID>
        <AD_Org_ID>0</AD_Org_ID>
        <IsActive>Y</IsActive>
        <ColumnName>SRI_TaxCode_ID</ColumnName>
        <Name>SRI Tax Code</Name>
        <Description/>
        <Help/>
        <PrintName>SRI Tax Code</PrintName>
        <PO_Description/>
        <PO_Help/>
        <PO_Name/>
        <PO_PrintName/>
        <EntityType>QSSLEC_FE</EntityType>
        <AD_Element_UU>82753feb-9bf8-4fdd-bf5f-b68e9a3fb661</AD_Element_UU>
        <AD_Element_Trl type="translation">
            <Help/>
            <PO_Description/>
            <PO_Help/>
            <Name>Código impuesto SRI</Name>
            <Description/>
            <PrintName>Código impuesto SRI</PrintName>
            <PO_Name/>
            <PO_PrintName/>
            <AD_Language>es_CO</AD_Language>
            <IsActive>Y</IsActive>
            <IsTranslated>Y</IsTranslated>
        </AD_Element_Trl>
    </AD_Element>
    <AD_Element type="table">
        <AD_Client_ID>0</AD_Client_ID>
        <AD_Org_ID>0</AD_Org_ID>
        <IsActive>Y</IsActive>
        <ColumnName>SRI_TaxCode_UU</ColumnName>
        <Name>SRI_TaxCode_UU</Name>
        <Description/>
        <Help/>
        <PrintName>SRI_TaxCode_UU</PrintName>
        <PO_Description/>
        <PO_Help/>
        <PO_Name/>
        <PO_PrintName/>
        <EntityType>QSSLEC_FE</EntityType>
        <AD_Element_UU>19cc0562-d2d1-4c14-9ee6-09b5f07ce183</AD_Element_UU>
        <AD_Element_Trl type="translation">
            <Help/>
            <PO_Description/>
            <PO_Help/>
            <Name>SRI_TaxCode_UU</Name>
            <Description/>
            <PrintName>SRI_TaxCode_UU</PrintName>
            <PO_Name/>
            <PO_PrintName/>
            <AD_Language>es_CO</AD_Language>
            <IsActive>Y</IsActive>
            <IsTranslated>N</IsTranslated>
        </AD_Element_Trl>
    </AD_Element>
    <AD_Element type="table">
        <AD_Client_ID>0</AD_Client_ID>
        <AD_Org_ID>0</AD_Org_ID>
        <IsActive>Y</IsActive>
        <ColumnName>SRI_TaxPayerCode</ColumnName>
        <Name>SRI TaxPayer Code</Name>
        <Description/>
        <Help/>
        <PrintName>SRI TaxPayer Code</PrintName>
        <PO_Description/>
        <PO_Help/>
        <PO_Name/>
        <PO_PrintName/>
        <EntityType>QSSLEC_FE</EntityType>
        <AD_Element_UU>91e17189-7f22-4029-8ec7-b49c29157fef</AD_Element_UU>
        <AD_Element_Trl type="translation">
            <Help/>
            <PO_Description/>
            <PO_Help/>
            <Name>Código contribuyente SRI</Name>
            <Description/>
            <PrintName>Código contribuyente SRI</PrintName>
            <PO_Name/>
            <PO_PrintName/>
            <AD_Language>es_CO</AD_Language>
            <IsActive>Y</IsActive>
            <IsTranslated>Y</IsTranslated>
        </AD_Element_Trl>
    </AD_Element>
    <AD_Element type="table">
        <AD_Client_ID>0</AD_Client_ID>
        <AD_Org_ID>0</AD_Org_ID>
        <IsActive>Y</IsActive>
        <ColumnName>SRI_TaxRateName</ColumnName>
        <Name>SRI Tax Rate Name</Name>
        <Description/>
        <Help/>
        <PrintName>SRI Tax Rate Name</PrintName>
        <PO_Description/>
        <PO_Help/>
        <PO_Name/>
        <PO_PrintName/>
        <EntityType>QSSLEC_FE</EntityType>
        <AD_Element_UU>1b5e9db8-73e0-4c56-a45d-4bfef614690f</AD_Element_UU>
        <AD_Element_Trl type="translation">
            <Help/>
            <PO_Description/>
            <PO_Help/>
            <Name>Nombre tarifa SRI</Name>
            <Description/>
            <PrintName>Nombre tarifa SRI</PrintName>
            <PO_Name/>
            <PO_PrintName/>
            <AD_Language>es_CO</AD_Language>
            <IsActive>Y</IsActive>
            <IsTranslated>Y</IsTranslated>
        </AD_Element_Trl>
    </AD_Element>
    <AD_Element type="table">
        <AD_Client_ID>0</AD_Client_ID>
        <AD_Org_ID>0</AD_Org_ID>
        <IsActive>Y</IsActive>
        <ColumnName>SRI_TaxRateValue</ColumnName>
        <Name>SRI Tax Rate Value</Name>
        <Description/>
        <Help/>
        <PrintName>SRI Tax Rate Value</PrintName>
        <PO_Description/>
        <PO_Help/>
        <PO_Name/>
        <PO_PrintName/>
        <EntityType>QSSLEC_FE</EntityType>
        <AD_Element_UU>6d7587dc-2c6d-4d19-bc11-1b03fa3a9809</AD_Element_UU>
        <AD_Element_Trl type="translation">
            <Help/>
            <PO_Description/>
            <PO_Help/>
            <Name>Código tarifa SRI</Name>
            <Description/>
            <PrintName>Código tarifa SRI</PrintName>
            <PO_Name/>
            <PO_PrintName/>
            <AD_Language>es_CO</AD_Language>
            <IsActive>Y</IsActive>
            <IsTranslated>N</IsTranslated>
        </AD_Element_Trl>
    </AD_Element>
    <AD_Element type="table">
        <AD_Client_ID>0</AD_Client_ID>
        <AD_Org_ID>0</AD_Org_ID>
        <IsActive>Y</IsActive>
        <ColumnName>SRI_TaxRate_ID</ColumnName>
        <Name>SRI_TaxRate</Name>
        <Description/>
        <Help/>
        <PrintName>SRI_TaxRate</PrintName>
        <PO_Description/>
        <PO_Help/>
        <PO_Name/>
        <PO_PrintName/>
        <EntityType>QSSLEC_FE</EntityType>
        <AD_Element_UU>15683b1e-573c-4391-903d-1f08cba9140b</AD_Element_UU>
        <AD_Element_Trl type="translation">
            <Help/>
            <PO_Description/>
            <PO_Help/>
            <Name>Tasa impuesto SRI</Name>
            <Description/>
            <PrintName>Tasa impuesto SRI</PrintName>
            <PO_Name/>
            <PO_PrintName/>
            <AD_Language>es_CO</AD_Language>
            <IsActive>Y</IsActive>
            <IsTranslated>Y</IsTranslated>
        </AD_Element_Trl>
    </AD_Element>
    <AD_Element type="table">
        <AD_Client_ID>0</AD_Client_ID>
        <AD_Org_ID>0</AD_Org_ID>
        <IsActive>Y</IsActive>
        <ColumnName>SRI_TaxRate_UU</ColumnName>
        <Name>SRI_TaxRate_UU</Name>
        <Description/>
        <Help/>
        <PrintName>SRI_TaxRate_UU</PrintName>
        <PO_Description/>
        <PO_Help/>
        <PO_Name/>
        <PO_PrintName/>
        <EntityType>QSSLEC_FE</EntityType>
        <AD_Element_UU>f41de689-2089-4cf7-9b62-4a475359caca</AD_Element_UU>
        <AD_Element_Trl type="translation">
            <Help/>
            <PO_Description/>
            <PO_Help/>
            <Name>SRI_TaxRate_UU</Name>
            <Description/>
            <PrintName>SRI_TaxRate_UU</PrintName>
            <PO_Name/>
            <PO_PrintName/>
            <AD_Language>es_CO</AD_Language>
            <IsActive>Y</IsActive>
            <IsTranslated>N</IsTranslated>
        </AD_Element_Trl>
    </AD_Element>
</idempiere>
