<?xml version="1.0" encoding="UTF-8"?><idempiere Name="LEC_SRI_Format" Version="1.0.0" idempiereVersion="5.1.0.v20180201-0424" DataBaseVersion="2017-10-31" Description="" Author="Orlando Curieles" AuthorEmail="orlando.curieles@ingeint.com" CreatedDate="Wed May 02 20:49:23 ECT 2018" UpdatedDate="Wed May 02 20:49:23 ECT 2018" PackOutVersion="100" UpdateDictionary="true" Client="1000002-SISMODE CIA -SISMODE CIA " AD_Client_UU="cfd2efcf-eecb-46b1-98f6-c0edead549c7">
    <LEC_SRI_Format type="table">
        <AD_Org_ID>0</AD_Org_ID>
        <Description/>
        <IsActive>Y</IsActive>
        <LEC_SRI_Format_UU>e754aa1d-387f-4c20-9666-f62e735f2535</LEC_SRI_Format_UU>
        <Name>Comprobante Retencion-1.1.0</Name>
        <Classname/>
        <RecordsQty>0</RecordsQty>
        <SRI_DeliveredType>2</SRI_DeliveredType>
        <SRI_ShortDocType>07</SRI_ShortDocType>
        <URL_XSD>/tmp/xsds-v100/comprobanteRetencion1.xsd</URL_XSD>
        <ValidFrom>2014-12-01 00:00:00.0</ValidFrom>
        <ValidTo/>
        <VersionNo>1.1.0</VersionNo>
        <XMLPrintLabel>comprobanteRetencion</XMLPrintLabel>
    </LEC_SRI_Format>
    <LEC_SRI_Format type="table">
        <AD_Org_ID>0</AD_Org_ID>
        <Description/>
        <IsActive>Y</IsActive>
        <LEC_SRI_Format_UU>271bde10-fc5c-4e47-bdbf-ebe2eb4c3a87</LEC_SRI_Format_UU>
        <Name>Comprobante Retencion-1.1.0</Name>
        <Classname/>
        <RecordsQty>0</RecordsQty>
        <SRI_DeliveredType>1</SRI_DeliveredType>
        <SRI_ShortDocType>07</SRI_ShortDocType>
        <URL_XSD>/tmp/xsds-v100/comprobanteRetencion1.xsd</URL_XSD>
        <ValidFrom>2013-12-01 00:00:00.0</ValidFrom>
        <ValidTo/>
        <VersionNo>1.0.0</VersionNo>
        <XMLPrintLabel>comprobanteRetencion</XMLPrintLabel>
    </LEC_SRI_Format>
    <LEC_SRI_Format type="table">
        <AD_Org_ID>0</AD_Org_ID>
        <Description/>
        <IsActive>Y</IsActive>
        <LEC_SRI_Format_UU>690b14da-7cdc-44f5-8198-16b9c52b5d8c</LEC_SRI_Format_UU>
        <Name>Factura-1.1.0</Name>
        <Classname/>
        <RecordsQty>0</RecordsQty>
        <SRI_DeliveredType>1</SRI_DeliveredType>
        <SRI_ShortDocType>01</SRI_ShortDocType>
        <URL_XSD>/tmp/xsds-v100/factura1.xsd</URL_XSD>
        <ValidFrom>2013-12-01 00:00:00.0</ValidFrom>
        <ValidTo/>
        <VersionNo>1.1.0</VersionNo>
        <XMLPrintLabel>factura</XMLPrintLabel>
    </LEC_SRI_Format>
    <LEC_SRI_Format type="table">
        <AD_Org_ID>0</AD_Org_ID>
        <Description/>
        <IsActive>Y</IsActive>
        <LEC_SRI_Format_UU>2c0af9a5-a465-475c-82da-d963c8f36090</LEC_SRI_Format_UU>
        <Name>Factura-1.1.0</Name>
        <Classname/>
        <RecordsQty>0</RecordsQty>
        <SRI_DeliveredType>2</SRI_DeliveredType>
        <SRI_ShortDocType>01</SRI_ShortDocType>
        <URL_XSD>/tmp/xsds-v100/factura1.xsd</URL_XSD>
        <ValidFrom>2014-12-01 00:00:00.0</ValidFrom>
        <ValidTo/>
        <VersionNo>1.0.0</VersionNo>
        <XMLPrintLabel>factura</XMLPrintLabel>
    </LEC_SRI_Format>
    <LEC_SRI_Format type="table">
        <AD_Org_ID>0</AD_Org_ID>
        <Description/>
        <IsActive>Y</IsActive>
        <LEC_SRI_Format_UU>b471f7a8-601c-4197-9682-0507d8843f42</LEC_SRI_Format_UU>
        <Name>GuiaRemision-1.1.0</Name>
        <Classname/>
        <RecordsQty>0</RecordsQty>
        <SRI_DeliveredType>2</SRI_DeliveredType>
        <SRI_ShortDocType>06</SRI_ShortDocType>
        <URL_XSD>/tmp/xsds-v100/guiaRemision1.xsd</URL_XSD>
        <ValidFrom>2014-12-01 00:00:00.0</ValidFrom>
        <ValidTo/>
        <VersionNo>1.1.0</VersionNo>
        <XMLPrintLabel>guiaRemision</XMLPrintLabel>
    </LEC_SRI_Format>
    <LEC_SRI_Format type="table">
        <AD_Org_ID>0</AD_Org_ID>
        <Description/>
        <IsActive>Y</IsActive>
        <LEC_SRI_Format_UU>75444122-b7f7-4fe7-9f0d-ff636a57e253</LEC_SRI_Format_UU>
        <Name>GuiaRemision-1.1.0</Name>
        <Classname/>
        <RecordsQty>0</RecordsQty>
        <SRI_DeliveredType>1</SRI_DeliveredType>
        <SRI_ShortDocType>06</SRI_ShortDocType>
        <URL_XSD>/tmp/xsds-v100/guiaRemision1.xsd</URL_XSD>
        <ValidFrom>2014-12-01 00:00:00.0</ValidFrom>
        <ValidTo/>
        <VersionNo>1.1.0</VersionNo>
        <XMLPrintLabel>guiaRemision</XMLPrintLabel>
    </LEC_SRI_Format>
    <LEC_SRI_Format type="table">
        <AD_Org_ID>0</AD_Org_ID>
        <Description/>
        <IsActive>Y</IsActive>
        <LEC_SRI_Format_UU>05c75aeb-5838-4ff4-b5ab-2bfc88baea6a</LEC_SRI_Format_UU>
        <Name>Nota Credito - 1.0.0</Name>
        <Classname/>
        <RecordsQty>0</RecordsQty>
        <SRI_DeliveredType>1</SRI_DeliveredType>
        <SRI_ShortDocType>04</SRI_ShortDocType>
        <URL_XSD>/tmp/xsds-v100/notaCredito1.xsd</URL_XSD>
        <ValidFrom>2014-12-01 00:00:00.0</ValidFrom>
        <ValidTo/>
        <VersionNo>1.0.0</VersionNo>
        <XMLPrintLabel>notaCredito</XMLPrintLabel>
    </LEC_SRI_Format>
    <LEC_SRI_Format type="table">
        <AD_Org_ID>0</AD_Org_ID>
        <Description/>
        <IsActive>Y</IsActive>
        <LEC_SRI_Format_UU>a867cf75-24af-4810-b235-2e7952e77248</LEC_SRI_Format_UU>
        <Name>Nota Credito - 1.1.0</Name>
        <Classname/>
        <RecordsQty>0</RecordsQty>
        <SRI_DeliveredType>2</SRI_DeliveredType>
        <SRI_ShortDocType>04</SRI_ShortDocType>
        <URL_XSD>/tmp/xsds-v100/notaCredito1.xsd</URL_XSD>
        <ValidFrom>2014-12-01 00:00:00.0</ValidFrom>
        <ValidTo/>
        <VersionNo>1.1.0</VersionNo>
        <XMLPrintLabel>notaCredito</XMLPrintLabel>
    </LEC_SRI_Format>
    <LEC_SRI_Format type="table">
        <AD_Org_ID>0</AD_Org_ID>
        <Description/>
        <IsActive>Y</IsActive>
        <LEC_SRI_Format_UU>54809d08-2090-487a-8d56-0d2d912e635d</LEC_SRI_Format_UU>
        <Name>Nota Debito - 1.0.0</Name>
        <Classname/>
        <RecordsQty>0</RecordsQty>
        <SRI_DeliveredType>2</SRI_DeliveredType>
        <SRI_ShortDocType>05</SRI_ShortDocType>
        <URL_XSD>/tmp/xsds-v100/notaDebito1.xsd</URL_XSD>
        <ValidFrom>2014-12-01 00:00:00.0</ValidFrom>
        <ValidTo/>
        <VersionNo>1.0.0</VersionNo>
        <XMLPrintLabel>notaDebito</XMLPrintLabel>
    </LEC_SRI_Format>
    <LEC_SRI_Format type="table">
        <AD_Org_ID>0</AD_Org_ID>
        <Description/>
        <IsActive>Y</IsActive>
        <LEC_SRI_Format_UU>555a94cb-fb90-4555-9706-045c863eb6a5</LEC_SRI_Format_UU>
        <Name>Nota Debito - 1.0.0</Name>
        <Classname/>
        <RecordsQty>0</RecordsQty>
        <SRI_DeliveredType>1</SRI_DeliveredType>
        <SRI_ShortDocType>05</SRI_ShortDocType>
        <URL_XSD>/tmp/xsds-v100/notaDebito1.xsd</URL_XSD>
        <ValidFrom>2014-12-01 00:00:00.0</ValidFrom>
        <ValidTo/>
        <VersionNo>1.0.0</VersionNo>
        <XMLPrintLabel>notaDebito</XMLPrintLabel>
    </LEC_SRI_Format>
<SRI_ErrorCode type="table">
        <AD_Org_ID>0</AD_Org_ID>
        <Description/>
        <IsActive>Y</IsActive>
        <SRI_ErrorCode_UU>c1b86088-5f78-41e8-881e-7d4d500bce5c</SRI_ErrorCode_UU>
        <Value>43</Value>
        <Name>Clave acceso registrada</Name>
    </SRI_ErrorCode>
    <SRI_ErrorCode type="table">
        <AD_Org_ID>0</AD_Org_ID>
        <Description>No se autorizará comprobantes si el establecimiento emisor ha sido clausurado, automáticamente se habilitará el servicio una vez concluida la clausura</Description>
        <IsActive>Y</IsActive>
        <SRI_ErrorCode_UU>42203211-0c82-4c93-99af-62ceb5b68e2e</SRI_ErrorCode_UU>
        <Value>10</Value>
        <Name>Establecimiento del emisor se encuentra Clausurado</Name>
    </SRI_ErrorCode>
    <SRI_ErrorCode type="table">
        <AD_Org_ID>0</AD_Org_ID>
        <Description>Cuando se desea enviar un comprobante que ha sido enviado anteriormente y el mismo no ha terminado su procesamiento</Description>
        <IsActive>Y</IsActive>
        <SRI_ErrorCode_UU>3dfd8745-b3ef-4427-967e-14d3203ba272</SRI_ErrorCode_UU>
        <Value>70</Value>
        <Name>Clave de acceso en procesamiento</Name>
    </SRI_ErrorCode>
    <SRI_ErrorCode type="table">
        <AD_Org_ID>0</AD_Org_ID>
        <Description/>
        <IsActive>Y</IsActive>
        <SRI_ErrorCode_UU>413fc734-73d6-4712-943a-4444a28c77f9</SRI_ErrorCode_UU>
        <Value>45</Value>
        <Name>Secuencial registrado</Name>
    </SRI_ErrorCode>
    <SRI_ErrorCode type="table">
        <AD_Org_ID>0</AD_Org_ID>
        <Description/>
        <IsActive>Y</IsActive>
        <SRI_ErrorCode_UU>7d00e7a0-128b-43f5-bda9-e49e31bd09ca</SRI_ErrorCode_UU>
        <Value>50</Value>
        <Name>Error interno general</Name>
    </SRI_ErrorCode>
    <SRI_ErrorCode type="table">
        <AD_Org_ID>0</AD_Org_ID>
        <Description/>
        <IsActive>Y</IsActive>
        <SRI_ErrorCode_UU>e41bf61f-2202-475a-9b17-2665db9ebb91</SRI_ErrorCode_UU>
        <Value>68</Value>
        <Name>Documento Sustento</Name>
    </SRI_ErrorCode>
    <SRI_ErrorCode type="table">
        <AD_Org_ID>0</AD_Org_ID>
        <Description/>
        <IsActive>Y</IsActive>
        <SRI_ErrorCode_UU>916a85b1-ec93-4f45-a960-62193ecc4987</SRI_ErrorCode_UU>
        <Value>170</Value>
        <Name>Clave de contingencia pendiente</Name>
    </SRI_ErrorCode>
    <SRI_ErrorCode type="table">
        <AD_Org_ID>0</AD_Org_ID>
        <Description>Revise consola java</Description>
        <IsActive>Y</IsActive>
        <SRI_ErrorCode_UU>d9008cf7-bb03-4e86-bc10-5a29d7a5e4e6</SRI_ErrorCode_UU>
        <Value>150</Value>
        <Name>Error sin codificar</Name>
    </SRI_ErrorCode>
    <SRI_ErrorCode type="table">
        <AD_Org_ID>0</AD_Org_ID>
        <Description>Verificar que el numero de RUC se encuentre en estado ACTIVO</Description>
        <IsActive>Y</IsActive>
        <SRI_ErrorCode_UU>844d38fa-47b0-4771-adf0-9503e7be7ee6</SRI_ErrorCode_UU>
        <Value>2</Value>
        <Name>RUC del emisor se encuentra NO ACTIVO</Name>
    </SRI_ErrorCode>
    <SRI_ErrorCode type="table">
        <AD_Org_ID>0</AD_Org_ID>
        <Description>Tama�o del archivo supera lo establecido</Description>
        <IsActive>Y</IsActive>
        <SRI_ErrorCode_UU>94047365-0f8a-4007-b90f-ed03a2b3641c</SRI_ErrorCode_UU>
        <Value>26</Value>
        <Name>Tama�o maximo superado</Name>
    </SRI_ErrorCode>
    <SRI_ErrorCode type="table">
        <AD_Org_ID>0</AD_Org_ID>
        <Description>La clase del contribuyente no puede emitir comprobantes electronicos.</Description>
        <IsActive>Y</IsActive>
        <SRI_ErrorCode_UU>308c65b6-91e3-4936-b37d-5053096d1ba5</SRI_ErrorCode_UU>
        <Value>27</Value>
        <Name>Clase no permitido</Name>
    </SRI_ErrorCode>
    <SRI_ErrorCode type="table">
        <AD_Org_ID>0</AD_Org_ID>
        <Description>Siempre el contribuyente debe haber aceptado el Acuerdo de medio electronicos en el cual se establece que se acepta que lleguen las notificaciones al buzon del contribuyente.</Description>
        <IsActive>Y</IsActive>
        <SRI_ErrorCode_UU>c32f9280-7512-4028-a6de-f0b0b7274ddd</SRI_ErrorCode_UU>
        <Value>28</Value>
        <Name>Acuerdo me medios electronicos no aceptado</Name>
    </SRI_ErrorCode>
    <SRI_ErrorCode type="table">
        <AD_Org_ID>0</AD_Org_ID>
        <Description>Cuando la direccion desde la cual esta llamando muchas veces al servicio en un tiempo determinado</Description>
        <IsActive>Y</IsActive>
        <SRI_ErrorCode_UU>4599eeba-e3a8-45ef-87b0-791f5e247fef</SRI_ErrorCode_UU>
        <Value>33</Value>
        <Name>Direccion Ip sancionada</Name>
    </SRI_ErrorCode>
    <SRI_ErrorCode type="table">
        <AD_Org_ID>0</AD_Org_ID>
        <Description>Cuando el comprobante no ha sido autorizado como parte de la solicitud de emision del contribuyente.</Description>
        <IsActive>Y</IsActive>
        <SRI_ErrorCode_UU>effbef8b-217c-4161-abd3-51dd18a25f96</SRI_ErrorCode_UU>
        <Value>34</Value>
        <Name>Comprobante no autorizado</Name>
    </SRI_ErrorCode>
    <SRI_ErrorCode type="table">
        <AD_Org_ID>0</AD_Org_ID>
        <Description>Cuando el xml no pasa validacion de esquema.</Description>
        <IsActive>Y</IsActive>
        <SRI_ErrorCode_UU>cc71cb50-2f4f-44f3-9121-5facd4648a17</SRI_ErrorCode_UU>
        <Value>35</Value>
        <Name>Documento Invalido</Name>
    </SRI_ErrorCode>
    <SRI_ErrorCode type="table">
        <AD_Org_ID>0</AD_Org_ID>
        <Description>Cuando la version del esquema no es la correcta.</Description>
        <IsActive>Y</IsActive>
        <SRI_ErrorCode_UU>88bd715c-c96b-4b62-9ade-329b136a13a0</SRI_ErrorCode_UU>
        <Value>36</Value>
        <Name>Version esquema descontinuada</Name>
    </SRI_ErrorCode>
    <SRI_ErrorCode type="table">
        <AD_Org_ID>0</AD_Org_ID>
        <Description>Cuando el RUC del emisor no cuenta con una solicitud de emision de comprobantes electronicos.</Description>
        <IsActive>Y</IsActive>
        <SRI_ErrorCode_UU>5293df7f-c08e-4e58-99fe-e78ae6af1b04</SRI_ErrorCode_UU>
        <Value>37</Value>
        <Name>RUC sin autorizacion de emision</Name>
    </SRI_ErrorCode>
    <SRI_ErrorCode type="table">
        <AD_Org_ID>0</AD_Org_ID>
        <Description>Firma electronica del emisor no es valida.</Description>
        <IsActive>Y</IsActive>
        <SRI_ErrorCode_UU>54359121-9033-4ff1-a17b-b144462c0075</SRI_ErrorCode_UU>
        <Value>39</Value>
        <Name>Firma invalida</Name>
    </SRI_ErrorCode>
    <SRI_ErrorCode type="table">
        <AD_Org_ID>0</AD_Org_ID>
        <Description>No se encontro el certificado o no se puede convertir en certificad X509.</Description>
        <IsActive>Y</IsActive>
        <SRI_ErrorCode_UU>cf9ed884-71be-48e3-96a8-2cc63cf98044</SRI_ErrorCode_UU>
        <Value>40</Value>
        <Name>Error en el certificado</Name>
    </SRI_ErrorCode>
    <SRI_ErrorCode type="table">
        <AD_Org_ID>0</AD_Org_ID>
        <Description>Certificado que ha superado su fecha de caducidad, y no ha sido renovado.</Description>
        <IsActive>Y</IsActive>
        <SRI_ErrorCode_UU>601a682b-6578-4858-987a-1d82ba9acce6</SRI_ErrorCode_UU>
        <Value>42</Value>
        <Name>Certificado revocado</Name>
    </SRI_ErrorCode>
    <SRI_ErrorCode type="table">
        <AD_Org_ID>0</AD_Org_ID>
        <Description>Cuando el ruc emisor no existe en el Registro Unico de Contribuyentes.</Description>
        <IsActive>Y</IsActive>
        <SRI_ErrorCode_UU>6cf8f594-26e4-479b-a876-1d792ca9e334</SRI_ErrorCode_UU>
        <Value>46</Value>
        <Name>RUC no existe</Name>
    </SRI_ErrorCode>
    <SRI_ErrorCode type="table">
        <AD_Org_ID>0</AD_Org_ID>
        <Description>Cuando envian en el tipo de comprobante uno que no exista en el catalogo de nuestros tipos de comprobantes.</Description>
        <IsActive>Y</IsActive>
        <SRI_ErrorCode_UU>9782c2f0-caf7-4374-8ee1-df20f61674ca</SRI_ErrorCode_UU>
        <Value>47</Value>
        <Name>Tipo de comprobante no existe</Name>
    </SRI_ErrorCode>
    <SRI_ErrorCode type="table">
        <AD_Org_ID>0</AD_Org_ID>
        <Description>Cuando el esquema para el tipo de comprobante enviado no existe.</Description>
        <IsActive>Y</IsActive>
        <SRI_ErrorCode_UU>50d588ac-1985-4370-b8fb-3a8be701ef1d</SRI_ErrorCode_UU>
        <Value>48</Value>
        <Name>Esquema XSD no existe</Name>
    </SRI_ErrorCode>
    <SRI_ErrorCode type="table">
        <AD_Org_ID>0</AD_Org_ID>
        <Description>Cuando se consume el WS con argumentos nulos.</Description>
        <IsActive>Y</IsActive>
        <SRI_ErrorCode_UU>9a2e0439-6fd8-414f-a0f7-85ec929618cc</SRI_ErrorCode_UU>
        <Value>49</Value>
        <Name>Argumentos que envian al WS nulos</Name>
    </SRI_ErrorCode>
    <SRI_ErrorCode type="table">
        <AD_Org_ID>0</AD_Org_ID>
        <Description>Cuando existe error en los calculos del comprobante.</Description>
        <IsActive>Y</IsActive>
        <SRI_ErrorCode_UU>c9aabdb4-fc1e-44f4-b9b8-b8cad6381e8f</SRI_ErrorCode_UU>
        <Value>52</Value>
        <Name>Error en diferencias</Name>
    </SRI_ErrorCode>
    <SRI_ErrorCode type="table">
        <AD_Org_ID>0</AD_Org_ID>
        <Description>Cuando envian comprobantes electronicos que hayan sido generados en contingencia y las claves de acceso no son las que entrego la Administracion Tributaria al contribuyente emisor.</Description>
        <IsActive>Y</IsActive>
        <SRI_ErrorCode_UU>2cb73ecc-174c-44fb-938c-a6b15738e644</SRI_ErrorCode_UU>
        <Value>53</Value>
        <Name>Claves no registradas</Name>
    </SRI_ErrorCode>
    <SRI_ErrorCode type="table">
        <AD_Org_ID>0</AD_Org_ID>
        <Description>Cuando el establecimiento desde el cual se genera el comprobante se encuentra cerrado.</Description>
        <IsActive>Y</IsActive>
        <SRI_ErrorCode_UU>696ada5b-3c94-4dd0-bd59-528a2ec63a91</SRI_ErrorCode_UU>
        <Value>56</Value>
        <Name>Establecimiento Cerrado</Name>
    </SRI_ErrorCode>
    <SRI_ErrorCode type="table">
        <AD_Org_ID>0</AD_Org_ID>
        <Description>Cuando la autorizacion para emision de comprobantes electronicos para el emisor se encuentra suspendida por procesos de control de la Administracion Tributaria.</Description>
        <IsActive>Y</IsActive>
        <SRI_ErrorCode_UU>7b506433-3802-4d59-b8f0-ec29af4a6725</SRI_ErrorCode_UU>
        <Value>57</Value>
        <Name>Autorizacion suspendida</Name>
    </SRI_ErrorCode>
    <SRI_ErrorCode type="table">
        <AD_Org_ID>0</AD_Org_ID>
        <Description>Cuando la clave de acceso tiene componentes diferentes a los del comprobante.</Description>
        <IsActive>Y</IsActive>
        <SRI_ErrorCode_UU>1636057f-83c6-481b-aecd-890bbc068800</SRI_ErrorCode_UU>
        <Value>58</Value>
        <Name>Error en la estructura de clave acceso</Name>
    </SRI_ErrorCode>
    <SRI_ErrorCode type="table">
        <AD_Org_ID>0</AD_Org_ID>
        <Description>Cuando el RUC del emisor se encuentra clausurado por procesos de control de la Administracion Tributaria.</Description>
        <IsActive>Y</IsActive>
        <SRI_ErrorCode_UU>0038f95c-ea6f-43a1-8c14-ee01863a7e0f</SRI_ErrorCode_UU>
        <Value>63</Value>
        <Name>RUC clausurado</Name>
    </SRI_ErrorCode>
    <SRI_ErrorCode type="table">
        <AD_Org_ID>0</AD_Org_ID>
        <Description>Cuando el codigo del documento sustento no existe en el catalogo de documentos que se tiene en la Administracion.</Description>
        <IsActive>Y</IsActive>
        <SRI_ErrorCode_UU>1613e71f-cc00-4d97-830d-1c317afe9b1d</SRI_ErrorCode_UU>
        <Value>64</Value>
        <Name>Codigo documento sustento</Name>
    </SRI_ErrorCode>
    <SRI_ErrorCode type="table">
        <AD_Org_ID>0</AD_Org_ID>
        <Description>Cuando el comprobante emitido no fue enviado de acuerdo al tiempo del tipo de emisión en el cual fue realizado.</Description>
        <IsActive>Y</IsActive>
        <SRI_ErrorCode_UU>491ae21f-6c9e-42cd-b02a-2a2774f69808</SRI_ErrorCode_UU>
        <Value>65</Value>
        <Name>Fecha de emision extemporanea</Name>
    </SRI_ErrorCode>
    <SRI_ErrorCode type="table">
        <AD_Org_ID>0</AD_Org_ID>
        <Description>Cuando el comprobante es emitido en tipo de emision contingente y utilizan una clave que ya fue registrada para otros comprobante en el mismo tipo de emision.</Description>
        <IsActive>Y</IsActive>
        <SRI_ErrorCode_UU>7a96b3b1-b89b-431e-a37f-05e3ae2b3a85</SRI_ErrorCode_UU>
        <Value>66</Value>
        <Name>Clave reportada</Name>
    </SRI_ErrorCode>
    <SRI_ErrorCode type="table">
        <AD_Org_ID>0</AD_Org_ID>
        <Description>Cuando existe errores en el formato de la fecha</Description>
        <IsActive>Y</IsActive>
        <SRI_ErrorCode_UU>afd9e2df-22fa-416c-aa6b-1222ac2479e2</SRI_ErrorCode_UU>
        <Value>67</Value>
        <Name>Fecha invalida</Name>
    </SRI_ErrorCode>
    <SRI_ErrorCode type="table">
        <AD_Org_ID>0</AD_Org_ID>
        <Description>Cuando la identificacion asociada al adquirente no existe. En general cuando el RUC del adquirente no existe en el Registro Unico de Contribuyentes.</Description>
        <IsActive>Y</IsActive>
        <SRI_ErrorCode_UU>488a0707-ce97-4d9e-b360-83f9cd7acee7</SRI_ErrorCode_UU>
        <Value>69</Value>
        <Name>Identificacion del receptor</Name>
    </SRI_ErrorCode>
    <SRI_ErrorCode type="table">
        <AD_Org_ID>0</AD_Org_ID>
        <Description>Cuando el ruc del emisor de la cabecera del comprobante que forma un lote es diferente al ruc del emisor de la cabecera del lote masivo.</Description>
        <IsActive>Y</IsActive>
        <SRI_ErrorCode_UU>247bd02d-eaba-4252-a33b-55726a2be2a7</SRI_ErrorCode_UU>
        <Value>71</Value>
        <Name>El ruc de la cabecera del lote es diferente</Name>
    </SRI_ErrorCode>
    <SRI_ErrorCode type="table">
        <AD_Org_ID>0</AD_Org_ID>
        <Description>Cuando el ruc del emisior de cada comprobante que pertenece al lote masivo se encuentra mal formado en su estructura.</Description>
        <IsActive>Y</IsActive>
        <SRI_ErrorCode_UU>422113bd-6642-46f9-bfe9-e45ba77bf051</SRI_ErrorCode_UU>
        <Value>72</Value>
        <Name>Error al procesar el xml del comprobante recibido al obtener el ruc del archivo xml.</Name>
    </SRI_ErrorCode>
    <SRI_ErrorCode type="table">
        <AD_Org_ID>0</AD_Org_ID>
        <Description>Cuando el codDoc de la cabecera del lote masivo es diferente al codDoc de la cabecera del comprobante recibido que forma parte del lote masivo.</Description>
        <IsActive>Y</IsActive>
        <SRI_ErrorCode_UU>476f432e-d601-42ac-aef4-5eb2d43e8491</SRI_ErrorCode_UU>
        <Value>74</Value>
        <Name>El codigo de documento de la cabecera del lote es diferente al codigo del documento del comprobante recibido</Name>
    </SRI_ErrorCode>
    <SRI_ErrorCode type="table">
        <AD_Org_ID>0</AD_Org_ID>
        <Description>Cuando el codDoc del documento del lote masivo es diferente a los codigos de documentos de los comprobantes que son admitidos(Facturas, Notas de Credito, Notas de Debito, Guias de Remision, Comprobantes de Retencion).</Description>
        <IsActive>Y</IsActive>
        <SRI_ErrorCode_UU>1c5978b2-0aac-4adc-b5f8-27154037feb0</SRI_ErrorCode_UU>
        <Value>75</Value>
        <Name>Error en el codigo del documento del lote</Name>
    </SRI_ErrorCode>
    <SRI_ErrorCode type="table">
        <AD_Org_ID>0</AD_Org_ID>
        <Description>Cuando el CodDoc de la cabecera del comprobante que pertenece a un lote masivo esta formado por letras, esta vacio, o no tiene el tag. Cuando en la cabecera del comprob que pertenece a un lote masivo,en el Ruc del Emisor se envia un Ruc que no hay en SRI.</Description>
        <IsActive>Y</IsActive>
        <SRI_ErrorCode_UU>66213d20-769a-45d3-ace6-0d9190e6606e</SRI_ErrorCode_UU>
        <Value>77</Value>
        <Name>Error de conversion en la estructura del archivo xml del comprobante del lote</Name>
    </SRI_ErrorCode>
    <SRI_ErrorCode type="table">
        <AD_Org_ID>0</AD_Org_ID>
        <Description>Cuando el numero de la identificacion del adquirente no existe.</Description>
        <IsActive>Y</IsActive>
        <SRI_ErrorCode_UU>bc45f7d1-7528-4fe5-94ae-30643befeef4</SRI_ErrorCode_UU>
        <Value>59</Value>
        <Name>Identificación no existe</Name>
    </SRI_ErrorCode>
    <SRI_ErrorCode type="table">
        <AD_Org_ID>0</AD_Org_ID>
        <Description>Siempre que el comprobante sea emitido en ambiente de certificacion o pruebas se enviara como parte de la autorizacion esta advertencia.</Description>
        <IsActive>Y</IsActive>
        <SRI_ErrorCode_UU>cde0a4bb-238b-43c5-a8bc-cc117e3b548a</SRI_ErrorCode_UU>
        <Value>60</Value>
        <Name>Ambiente ejecucion.</Name>
    </SRI_ErrorCode>
    <SRI_ErrorCode type="table">
        <AD_Org_ID>0</AD_Org_ID>
        <Description>Cuando se desea enviar un comprobante que ha sido enviado anteriormente y el mismo no ha terminado su procesamiento.</Description>
        <IsActive>Y</IsActive>
        <SRI_ErrorCode_UU>fb2e8a94-9118-47dc-b3e9-91996185c334</SRI_ErrorCode_UU>
        <Value>70-Duplicada</Value>
        <Name>Clave de acceso en procesamiento - Duplicada</Name>
    </SRI_ErrorCode>
     <LEC_SRI_Format type="table">
        <AD_Org_ID>0</AD_Org_ID>
        <Description/>
        <IsActive>Y</IsActive>
        <LEC_SRI_Format_UU>35b1f22b-0227-4dc3-9cd8-0895ad700221</LEC_SRI_Format_UU>
        <Name>Liquidación de Compras 1.1.0</Name>
        <Classname/>
        <RecordsQty>0</RecordsQty>
        <SRI_DeliveredType>1</SRI_DeliveredType>
        <SRI_ShortDocType>03</SRI_ShortDocType>
        <URL_XSD>/tmp/xsds-v100/liquidacionCompra.xsd</URL_XSD>
        <ValidFrom>2020-01-01 00:00:00.0</ValidFrom>
        <ValidTo/>
        <VersionNo>1.1.0</VersionNo>
        <XMLPrintLabel>liquidacionCompra</XMLPrintLabel>
    </LEC_SRI_Format>
    <AD_SysConfig type="table">
        <AD_Org_ID>0</AD_Org_ID>
        <IsActive>Y</IsActive>
        <Name>LEC_GenerateWitholdingToComplete</Name>
        <Value>true</Value>
        <Description/>
        <EntityType>QSSLEC_FE</EntityType>
        <ConfigurationLevel>C</ConfigurationLevel>
        <AD_SysConfig_UU>f3322ed0-e94d-4e8f-8c42-9c1a2c6171e7</AD_SysConfig_UU>
    </AD_SysConfig>
    <AD_SysConfig type="table">
        <AD_Org_ID>0</AD_Org_ID>
        <IsActive>Y</IsActive>
        <Name>QSSLEC_FE_DebugEnvioRecepcion</Name>
        <Value>Y</Value>
        <Description>Adjunta XML a Autorizacion</Description>
        <EntityType>QSSLEC_FE</EntityType>
        <ConfigurationLevel>C</ConfigurationLevel>
        <AD_SysConfig_UU>91331588-a66f-4824-8a50-963e5f9e22f5</AD_SysConfig_UU>
    </AD_SysConfig>
    <AD_SysConfig type="table">
        <AD_Org_ID>0</AD_Org_ID>
        <IsActive>Y</IsActive>
        <Name>QSSLEC_FE_EnvioXmlAutorizadoBPEmail</Name>
        <Value>Y</Value>
        <Description>Envia Xml Autorizado BP Email</Description>
        <EntityType>QSSLEC_FE</EntityType>
        <ConfigurationLevel>C</ConfigurationLevel>
        <AD_SysConfig_UU>4ef67eb8-179d-430d-b443-82f2a6c66c02</AD_SysConfig_UU>
    </AD_SysConfig>
    <AD_SysConfig type="table">
        <AD_Org_ID>0</AD_Org_ID>
        <IsActive>Y</IsActive>
        <Name>QSSLEC_FE_RazonSocialPruebas</Name>
        <Value>PRUEBAS SERVICIO DE RENTAS INTERNAS</Value>
        <Description>Razon Social si Tipo de Ambiente=1-Pruebas</Description>
        <EntityType>QSSLEC_FE</EntityType>
        <ConfigurationLevel>C</ConfigurationLevel>
        <AD_SysConfig_UU>6fa06ece-762c-4721-8c83-c006218e8dda</AD_SysConfig_UU>
    </AD_SysConfig>
    <AD_SysConfig type="table">
        <AD_Org_ID>0</AD_Org_ID>
        <IsActive>Y</IsActive>
        <Name>QSSLEC_FE_RutaGeneracionXml</Name>
        <Value>/tmp</Value>
        <Description>Folder para ubicacion xml generados</Description>
        <EntityType>QSSLEC_FE</EntityType>
        <ConfigurationLevel>C</ConfigurationLevel>
        <AD_SysConfig_UU>2ed0be24-6b66-4fe8-8de1-f4552fc389fa</AD_SysConfig_UU>
    </AD_SysConfig>
    <AD_SysConfig type="table">
        <AD_Org_ID>0</AD_Org_ID>
        <IsActive>Y</IsActive>
        <Name>QSSLEC_FE_RutaUbicacionXsd</Name>
        <Value>/tmp</Value>
        <Description>Folder de ubicacion XSD para validacion</Description>
        <EntityType>QSSLEC_FE</EntityType>
        <ConfigurationLevel>C</ConfigurationLevel>
        <AD_SysConfig_UU>4fd2eafd-708d-48ce-abd3-5e305a49fd6a</AD_SysConfig_UU>
    </AD_SysConfig>
    <AD_SysConfig type="table">
        <AD_Org_ID>0</AD_Org_ID>
        <IsActive>Y</IsActive>
        <Name>QSSLEC_FE_SRIURLWSCertAutorizacionComprobante</Name>
        <Value>https://celcer.sri.gob.ec/comprobantes-electronicos-ws/AutorizacionComprobantesOffline?wsdl </Value>
        <Description>URL WS Certificacion Autorizacion Comprobante - OffLineSchema</Description>
        <EntityType>QSSLEC_FE</EntityType>
        <ConfigurationLevel>C</ConfigurationLevel>
        <AD_SysConfig_UU>3d372b9e-dc2d-415f-aea8-184d529da502</AD_SysConfig_UU>
    </AD_SysConfig>
    <AD_SysConfig type="table">
        <AD_Org_ID>0</AD_Org_ID>
        <IsActive>Y</IsActive>
        <Name>QSSLEC_FE_SRIURLWSCertRecepcionComprobante</Name>
        <Value>https://celcer.sri.gob.ec/comprobantes-electronicos-ws/RecepcionComprobantesOffline?wsdl</Value>
        <Description>URL WS Certificacion Recepcion Comprobante - OffLineSchema</Description>
        <EntityType>QSSLEC_FE</EntityType>
        <ConfigurationLevel>C</ConfigurationLevel>
        <AD_SysConfig_UU>09f53600-1719-40a0-974f-e4e0b6320833</AD_SysConfig_UU>
    </AD_SysConfig>
    <AD_SysConfig type="table">
        <AD_Org_ID>0</AD_Org_ID>
        <IsActive>Y</IsActive>
        <Name>QSSLEC_FE_SRIURLWSProdAutorizacionComprobante</Name>
        <Value>https://cel.sri.gob.ec/comprobantes-electronicos-ws/AutorizacionComprobantesOffline?wsdl</Value>
        <Description>URL WS Produccion Autorizacion Comprobante - OffLineSchema</Description>
        <EntityType>QSSLEC_FE</EntityType>
        <ConfigurationLevel>C</ConfigurationLevel>
        <AD_SysConfig_UU>152192e3-b2af-4612-a43d-37fdf15b1099</AD_SysConfig_UU>
    </AD_SysConfig>
    <AD_SysConfig type="table">
        <AD_Org_ID>0</AD_Org_ID>
        <IsActive>Y</IsActive>
        <Name>QSSLEC_FE_SRIURLWSProdRecepcionComprobante</Name>
        <Value>https://cel.sri.gob.ec/comprobantes-electronicos-ws/RecepcionComprobantesOffline?wsdl</Value>
        <Description>URL WS Produccion Recepcion Comprobante - OffLineSchema</Description>
        <EntityType>QSSLEC_FE</EntityType>
        <ConfigurationLevel>C</ConfigurationLevel>
        <AD_SysConfig_UU>3c15b5b7-ec1a-418b-9a9f-567c73d9acd5</AD_SysConfig_UU>
    </AD_SysConfig>
    <AD_SysConfig type="table">
        <AD_Org_ID>0</AD_Org_ID>
        <IsActive>Y</IsActive>
        <Name>QSSLEC_FE_SRIWebServiceTimeout</Name>
        <Value>0</Value>
        <Description>QSSLEC_FE_SRIWebServiceTimeout 0 - No, &gt;0 - Aplica.</Description>
        <EntityType>QSSLEC_FE</EntityType>
        <ConfigurationLevel>C</ConfigurationLevel>
        <AD_SysConfig_UU>100ccf47-e422-483b-b277-1d6d035ff7b3</AD_SysConfig_UU>
    </AD_SysConfig>
    <AD_SysConfig type="table">
        <AD_Org_ID>0</AD_Org_ID>
        <IsActive>Y</IsActive>
        <Name>QSSLEC_FE_TransportadorVentaMostrador</Name>
        <Value>1000010</Value>
        <Description>QSSLEC_FE_TransportadorVentaMostrador</Description>
        <EntityType>QSSLEC_FE</EntityType>
        <ConfigurationLevel>C</ConfigurationLevel>
        <AD_SysConfig_UU>9385978a-57c4-4772-9afc-c9f13253272b</AD_SysConfig_UU>
    </AD_SysConfig>
    <AD_SysConfig type="table">
        <AD_Org_ID>0</AD_Org_ID>
        <IsActive>Y</IsActive>
        <Name>QSSLEC_FE_UseClaveContingenciaVentaMostradoryFolio</Name>
        <Value>N</Value>
        <Description>Use Clave Contingencia Venta Mostrador y Folio</Description>
        <EntityType>QSSLEC_FE</EntityType>
        <ConfigurationLevel>C</ConfigurationLevel>
        <AD_SysConfig_UU>42c04fd1-f25b-4d7a-a9c8-1bd74b1150db</AD_SysConfig_UU>
    </AD_SysConfig>
    <AD_SysConfig type="table">
        <AD_Org_ID>0</AD_Org_ID>
        <IsActive>Y</IsActive>
        <Name>QSSLEC_FE_LocalizacionDireccionMatriz</Name>
        <Value>1000151</Value>
        <Description>QSSLEC_FE_LocalizacionDireccionMatriz</Description>
        <EntityType>QSSLEC_FE</EntityType>
        <ConfigurationLevel>C</ConfigurationLevel>
        <AD_SysConfig_UU>35c40cc2-0837-4e39-ba3a-b92f7cb5f07a</AD_SysConfig_UU>
    </AD_SysConfig>
    <AD_SysConfig type="table">
        <AD_Org_ID>0</AD_Org_ID>
        <IsActive>Y</IsActive>
        <Name>QSSLEC_FE_ResponseAutorizationClass</Name>
        <Value>ec.ingeint.util.ws.AutorizacionComprobantesOffline</Value>
        <Description>OffLineSchema</Description>
        <EntityType>QSSLEC_FE</EntityType>
        <ConfigurationLevel>O</ConfigurationLevel>
        <AD_SysConfig_UU>792a9805-b912-4072-9293-0734d2d77ca1</AD_SysConfig_UU>
    </AD_SysConfig>
    <AD_SysConfig type="table">
        <AD_Org_ID>0</AD_Org_ID>
        <IsActive>Y</IsActive>
        <Name>QSSLEC_FE_ResponseReceptionClass</Name>
        <Value>ec.ingeint.util.ws.RecepcionComprobantesOffline</Value>
        <Description>OffLineSchema</Description>
        <EntityType>QSSLEC_FE</EntityType>
        <ConfigurationLevel>C</ConfigurationLevel>
        <AD_SysConfig_UU>1dcd9135-76f0-41cc-b832-da5d48245c99</AD_SysConfig_UU>
    </AD_SysConfig>
    <AD_SysConfig type="table">
        <AD_Org_ID>0</AD_Org_ID>
        <IsActive>Y</IsActive>
        <Name>QSSLEC_FE_ClaveCertificadoDigital</Name>
        <Value>SuClaveDeCertificadoAQUI</Value>
        <Description>migra</Description>
        <EntityType>QSSLEC_FE</EntityType>
        <ConfigurationLevel>C</ConfigurationLevel>
        <AD_SysConfig_UU>cb4759af-b015-42ad-bb87-a505de420561</AD_SysConfig_UU>
    </AD_SysConfig>
    <AD_SysConfig type="table">
        <AD_Org_ID>0</AD_Org_ID>
        <IsActive>Y</IsActive>
        <Name>QSSLEC_FE_EnPruebas</Name>
        <Value>Y</Value>
        <Description>Y-Pruebas, N-Produccion</Description>
        <EntityType>QSSLEC_FE</EntityType>
        <ConfigurationLevel>C</ConfigurationLevel>
        <AD_SysConfig_UU>5d8d2663-eadf-45ff-89c8-ce9a7590ea06</AD_SysConfig_UU>
    </AD_SysConfig>
    <AD_SysConfig type="table">
        <AD_Org_ID>0</AD_Org_ID>
        <IsActive>Y</IsActive>
        <Name>ING_FEUserNotes</Name>
        <Value>1013471</Value>
        <Description>OffLineSchema</Description>
        <EntityType>QSSLEC_FE</EntityType>
        <ConfigurationLevel>C</ConfigurationLevel>
        <AD_SysConfig_UU>f57b3a02-0479-4f95-9134-f7630819421d</AD_SysConfig_UU>
    </AD_SysConfig>
    <AD_SysConfig type="table">
        <AD_Org_ID>0</AD_Org_ID>
        <IsActive>Y</IsActive>
        <Name>QSSLEC_FE_OfflineSchema</Name>
        <Value>Y</Value>
        <Description>migra</Description>
        <EntityType>QSSLEC_FE</EntityType>
        <ConfigurationLevel>C</ConfigurationLevel>
        <AD_SysConfig_UU>31ccbd78-6409-4980-bdf6-f2f70d0e9b55</AD_SysConfig_UU>
    </AD_SysConfig>
</idempiere>
